{"Sat May  6 15:57:35 2023": [[6.655326843261719, 9.390667915344238], [7.640031300843432, 12.406962724978124], [12.0, 5.0]], "Sat May  6 16:00:44 2023": [[6.348008632659912, 8.150848388671875], [7.038735659955759, 6.178459154287721], [9.0, 5.0]], "Sat May  6 16:03:09 2023": [[4.06927490234375, 7.589364528656006], [-5.052260022089324, 2.8656326528343055], [6.0, 5.0]], "Sat May  6 16:06:23 2023": [[4.890590667724609, 8.101479530334473], [1.3622132348789195, 5.427151648615047], [6.0, 8.0]], "Sat May  6 16:09:04 2023": [[5.618824005126953, 8.520713806152344], [4.9127402239555895, 7.1414576563590515], [6.0, 11.0]], "Sat May  6 16:12:08 2023": [[4.809139728546143, 8.923903465270996], [1.616698396074838, 8.08575994134368], [9.0, 11.0]], "Sat May  6 16:15:08 2023": [[8.957816123962402, 8.141434669494629], [21.4660718835814, 5.226424858296932], [12.0, 11.0]], "Sat May  6 16:18:43 2023": [[7.714591979980469, 7.859291076660156], [10.748020717158306, 5.26452349498296], [12.0, 8.0]]}