{"Sat May  6 15:57:35 2023": [[6.454306125640869, 9.204312324523926], [7.4708571359643585, 12.778775222405363], [12.0, 6.0]], "Sat May  6 16:00:44 2023": [[6.2797698974609375, 8.11697006225586], [7.094829446235008, 5.806044180229089], [8.0, 6.0]], "Sat May  6 16:03:09 2023": [[4.123777866363525, 7.557004451751709], [-1.9274857563982273, 3.8563464310041056], [5.0, 5.0]], "Sat May  6 16:06:23 2023": [[4.817079544067383, 8.100669860839844], [2.303439554697816, 5.792649825649214], [5.0, 8.0]], "Sat May  6 16:09:04 2023": [[5.582067966461182, 8.417466163635254], [5.382646009405872, 7.306902725146153], [5.0, 11.0]], "Sat May  6 16:12:08 2023": [[4.73958158493042, 8.810929298400879], [2.542102088082244, 8.83795575340793], [8.0, 11.0]], "Sat May  6 16:15:08 2023": [[8.599923133850098, 8.166196823120117], [13.483674736602303, 7.8147979756144865], [11.0, 11.0]], "Sat May  6 16:18:43 2023": [[7.647593021392822, 7.7927093505859375], [10.596227713052864, 5.570600698783885], [11.0, 8.0]]}