{"Sat May  6 15:57:35 2023": [[6.471089839935303, 8.823138236999512], [7.640031300843432, 12.406962724978124], [11.0, 5.0]], "Sat May  6 16:00:44 2023": [[6.284249782562256, 8.18486213684082], [7.038735659955759, 6.178459154287721], [8.0, 5.0]], "Sat May  6 16:03:09 2023": [[3.892986297607422, 7.575881481170654], [-5.052260022089324, 2.8656326528343055], [5.0, 5.0]], "Sat May  6 16:06:23 2023": [[4.83303689956665, 8.124115943908691], [1.3622132348789195, 5.427151648615047], [5.0, 8.0]], "Sat May  6 16:09:04 2023": [[5.554300785064697, 8.468799591064453], [4.9127402239555895, 7.1414576563590515], [5.0, 11.0]], "Sat May  6 16:12:08 2023": [[4.733278274536133, 8.730094909667969], [1.616698396074838, 8.08575994134368], [8.0, 11.0]], "Sat May  6 16:15:08 2023": [[8.745784759521484, 7.871592044830322], [21.4660718835814, 5.226424858296932], [11.0, 11.0]], "Sat May  6 16:18:43 2023": [[7.578207492828369, 7.802679538726807], [10.748020717158306, 5.26452349498296], [11.0, 8.0]]}
